{
	"credit": "Made with Blockbench",
	"texture_size": [8, 15],
	"textures": {
		"1": "item/flintknock"
	},
	"elements": [
		{
			"name": "bullet",
			"from": [7.5, 5.25, 7.5],
			"to": [9, 6.75, 9],
			"faces": {
				"north": {"uv": [14.5, 5.6, 15.5, 6.13333], "texture": "#1"},
				"east": {"uv": [14.5, 5.6, 15.5, 6.13333], "texture": "#1"},
				"south": {"uv": [14.5, 5.6, 15.5, 6.13333], "texture": "#1"},
				"west": {"uv": [14.5, 5.6, 15.5, 6.13333], "texture": "#1"},
				"up": {"uv": [14.5, 5.6, 15.5, 6.13333], "texture": "#1"},
				"down": {"uv": [14.5, 5.6, 15.5, 6.13333], "texture": "#1"}
			}
		}
	],
	"display": {
		"firstperson_righthand": {
			"translation": [0, 4, 0]
		},
		"firstperson_lefthand": {
			"translation": [0, 4, 0]
		},
		"gui": {
			"translation": [0, 2, 0]
		},
		"fixed": {
			"translation": [0, 2, 0]
		}
	}
}