{
	"credit": "Made with Blockbench",
	"texture_size": [8, 15],
	"textures": {
		"1": "item/flintknock"
	},
	"elements": [
		{
			"name": "barrel",
			"from": [0, 10, -1],
			"to": [4, 14, 21],
			"rotation": {"angle": 0, "axis": "x", "origin": [2.65774, 8.47025, 5.0412]},
			"faces": {
				"north": {"uv": [0, 0, 7, 15.73333], "rotation": 90, "texture": "#1"},
				"east": {"uv": [0, 0, 7, 15.73333], "rotation": 90, "texture": "#1"},
				"south": {"uv": [8, 6.4, 16, 10.66667], "rotation": 90, "texture": "#1"},
				"west": {"uv": [0, 0, 7.5, 15.73333], "rotation": 270, "texture": "#1"},
				"up": {"uv": [0, 0, 7.5, 15.73333], "texture": "#1"},
				"down": {"uv": [0, 0, 7.5, 15.46667], "rotation": 180, "texture": "#1"}
			}
		},
		{
			"name": "barrel holder",
			"from": [-0.3322, 7.67157, 3.5],
			"to": [1.5478, 8.67157, 19],
			"rotation": {"angle": -45, "axis": "z", "origin": [2.65774, 8.47025, 5.0412]},
			"faces": {
				"north": {"uv": [10, 2.13333, 11, 2.66667], "texture": "#1"},
				"east": {"uv": [10, 2.13333, 11, 2.66667], "texture": "#1"},
				"south": {"uv": [10, 2.13333, 11, 2.66667], "texture": "#1"},
				"west": {"uv": [10, 2.13333, 11, 2.66667], "texture": "#1"},
				"up": {"uv": [10, 2.13333, 11, 2.66667], "texture": "#1"},
				"down": {"uv": [10, 2.13333, 11, 2.66667], "texture": "#1"}
			}
		},
		{
			"name": "barrel holder",
			"from": [1.85907, 8.61019, 3.5],
			"to": [4.65907, 9.61019, 19],
			"rotation": {"angle": 45, "axis": "z", "origin": [2.65774, 8.47025, 5.0412]},
			"faces": {
				"north": {"uv": [10, 2.13333, 11, 2.66667], "texture": "#1"},
				"east": {"uv": [10, 2.13333, 11, 2.66667], "texture": "#1"},
				"south": {"uv": [10, 2.13333, 11, 2.66667], "texture": "#1"},
				"west": {"uv": [10, 2.13333, 11, 2.66667], "texture": "#1"},
				"up": {"uv": [10, 2.13333, 11, 2.66667], "texture": "#1"},
				"down": {"uv": [10, 2.13333, 11, 2.66667], "texture": "#1"}
			}
		},
		{
			"name": "barrel holder plug",
			"from": [2.78907, 9.51019, 3.5],
			"to": [3.68907, 10.61019, 4.5],
			"rotation": {"angle": 45, "axis": "z", "origin": [2.65774, 8.47025, 5.0412]},
			"faces": {
				"north": {"uv": [4.5, 1.33333, 5.5, 1.86667], "texture": "#1"},
				"east": {"uv": [6.5, 1.33333, 7.5, 1.86667], "texture": "#1"},
				"south": {"uv": [8.5, 1.33333, 9.5, 1.86667], "texture": "#1"},
				"west": {"uv": [10.5, 1.33333, 11.5, 1.86667], "texture": "#1"},
				"up": {"uv": [12.5, 1.33333, 13.5, 1.86667], "texture": "#1"},
				"down": {"uv": [14.5, 1.33333, 15.5, 1.86667], "texture": "#1"}
			}
		},
		{
			"name": "iron sight",
			"from": [2.2076, 13.5893, 1.20357],
			"to": [3.8576, 14.7893, 2.20357],
			"rotation": {"angle": 22.5, "axis": "z", "origin": [2.65774, 8.47025, 5.0412]},
			"faces": {
				"north": {"uv": [14.5, 4.53333, 15.5, 5.06667], "texture": "#1"},
				"east": {"uv": [14.5, 4.53333, 15.5, 5.06667], "texture": "#1"},
				"south": {"uv": [14.5, 4.53333, 15.5, 5.06667], "texture": "#1"},
				"west": {"uv": [14.5, 4.53333, 15.5, 5.06667], "texture": "#1"},
				"up": {"uv": [14.5, 4.53333, 15.5, 5.06667], "texture": "#1"},
				"down": {"uv": [14.5, 4.53333, 15.5, 5.06667], "texture": "#1"}
			}
		},
		{
			"name": "iron sight",
			"from": [0.15014, 13.04761, 1.20357],
			"to": [1.80014, 14.24761, 2.20357],
			"rotation": {"angle": -22.5, "axis": "z", "origin": [2.65774, 8.47025, 5.0412]},
			"faces": {
				"north": {"uv": [14.5, 4.53333, 15.5, 5.06667], "texture": "#1"},
				"east": {"uv": [14.5, 4.53333, 15.5, 5.06667], "texture": "#1"},
				"south": {"uv": [14.5, 4.53333, 15.5, 5.06667], "texture": "#1"},
				"west": {"uv": [14.5, 4.53333, 15.5, 5.06667], "texture": "#1"},
				"up": {"uv": [14.5, 4.53333, 15.5, 5.06667], "texture": "#1"},
				"down": {"uv": [14.5, 4.53333, 15.5, 5.06667], "texture": "#1"}
			}
		},
		{
			"name": "bunt",
			"from": [0, 6.54883, -14.86812],
			"to": [4, 12.54883, -10.86812],
			"rotation": {"angle": -22.5, "axis": "x", "origin": [2.65774, 8.47025, 5.0412]},
			"faces": {
				"north": {"uv": [12, 6.4, 14, 5.33333], "rotation": 270, "texture": "#1"},
				"east": {"uv": [14, 0, 2, 6.4], "rotation": 180, "texture": "#1"},
				"south": {"uv": [0, 7.46667, 8, 0], "rotation": 90, "texture": "#1"},
				"west": {"uv": [14, 0, 2, 6.4], "texture": "#1"},
				"up": {"uv": [2, 6.4, 14, 0], "rotation": 270, "texture": "#1"},
				"down": {"uv": [2, 6.4, 14, 0], "rotation": 90, "texture": "#1"}
			}
		},
		{
			"name": "handle curve",
			"from": [0, 11.54883, -0.96812],
			"to": [4, 15.87883, 1.63188],
			"rotation": {"angle": -22.5, "axis": "x", "origin": [2.65774, 8.47025, 5.0412]},
			"faces": {
				"north": {"uv": [0.5, 3.46667, 3.5, 0], "texture": "#1"},
				"east": {"uv": [0.5, 3.46667, 3.5, 0], "texture": "#1"},
				"south": {"uv": [0.5, 3.46667, 3.5, 0], "texture": "#1"},
				"west": {"uv": [0.5, 3.46667, 3.5, 0], "texture": "#1"},
				"up": {"uv": [0.5, 3.46667, 3.5, 0], "texture": "#1"},
				"down": {"uv": [0.5, 3.46667, 3.5, 0], "texture": "#1"}
			}
		},
		{
			"name": "handle",
			"from": [0, -6.67617, -4.07649],
			"to": [4, 5.72383, 0.02351],
			"rotation": {"angle": 45, "axis": "x", "origin": [2.65774, 8.47025, 5.0412]},
			"faces": {
				"north": {"uv": [0.5, 0.26667, 6.5, 7.09333], "texture": "#1"},
				"east": {"uv": [0.5, 0.26667, 6.5, 7.09333], "texture": "#1"},
				"south": {"uv": [0.5, 0.26667, 6.5, 7.09333], "texture": "#1"},
				"west": {"uv": [0.5, 0.26667, 6.5, 7.09333], "texture": "#1"},
				"up": {"uv": [0.5, 0.26667, 6.5, 7.09333], "texture": "#1"},
				"down": {"uv": [0.5, 0.26667, 6.5, 7.09333], "texture": "#1"}
			}
		},
		{
			"name": "trigger gaurd",
			"from": [1, 8.74883, -0.86812],
			"to": [3, 11.69883, -0.36812],
			"rotation": {"angle": -22.5, "axis": "x", "origin": [2.65774, 8.47025, 5.0412]},
			"faces": {
				"north": {"uv": [10.5, 1.33333, 11.5, 1.86667], "rotation": 180, "texture": "#1"},
				"east": {"uv": [10.5, 1.33333, 11.5, 1.86667], "rotation": 180, "texture": "#1"},
				"south": {"uv": [10.5, 1.33333, 11.5, 1.86667], "rotation": 180, "texture": "#1"},
				"west": {"uv": [10.5, 1.33333, 11.5, 1.86667], "rotation": 180, "texture": "#1"},
				"up": {"uv": [10.5, 1.33333, 11.5, 1.86667], "rotation": 180, "texture": "#1"},
				"down": {"uv": [10.5, 1.33333, 11.5, 1.86667], "rotation": 180, "texture": "#1"}
			}
		},
		{
			"name": "trigger gaurd",
			"from": [1, 5.74069, 3.11473],
			"to": [3, 10.89069, 3.61473],
			"rotation": {"angle": 22.5, "axis": "x", "origin": [2.65774, 8.47025, 5.0412]},
			"faces": {
				"north": {"uv": [10.5, 3.46667, 11.5, 4], "texture": "#1"},
				"east": {"uv": [10.5, 3.46667, 11.5, 4], "texture": "#1"},
				"south": {"uv": [10.5, 3.46667, 11.5, 4], "texture": "#1"},
				"west": {"uv": [10.5, 3.46667, 11.5, 4], "texture": "#1"},
				"up": {"uv": [10.5, 3.46667, 11.5, 4], "texture": "#1"},
				"down": {"uv": [10.5, 3.46667, 11.5, 4], "texture": "#1"}
			}
		},
		{
			"name": "trigger gaurd",
			"from": [1, 6.1, 0.35],
			"to": [3, 6.6, 1.75],
			"rotation": {"angle": 0, "axis": "x", "origin": [2.65774, 8.47025, 5.0412]},
			"faces": {
				"north": {"uv": [10.5, 3.46667, 11.5, 4], "texture": "#1"},
				"east": {"uv": [10.5, 3.46667, 11.5, 4], "texture": "#1"},
				"south": {"uv": [10.5, 3.46667, 11.5, 4], "texture": "#1"},
				"west": {"uv": [10.5, 3.46667, 11.5, 4], "texture": "#1"},
				"up": {"uv": [10.5, 3.46667, 11.5, 4], "texture": "#1"},
				"down": {"uv": [10.5, 3.46667, 11.5, 4], "texture": "#1"}
			}
		},
		{
			"name": "trigger gaurd",
			"from": [1, 4.49069, 0.66473],
			"to": [3, 4.99069, 1.66473],
			"rotation": {"angle": 22.5, "axis": "x", "origin": [2.65774, 8.47025, 5.0412]},
			"faces": {
				"north": {"uv": [10.5, 3.46667, 11.5, 4], "texture": "#1"},
				"east": {"uv": [10.5, 3.46667, 11.5, 4], "texture": "#1"},
				"south": {"uv": [10.5, 3.46667, 11.5, 4], "texture": "#1"},
				"west": {"uv": [10.5, 3.46667, 11.5, 4], "texture": "#1"},
				"up": {"uv": [10.5, 3.46667, 11.5, 4], "texture": "#1"},
				"down": {"uv": [10.5, 3.46667, 11.5, 4], "texture": "#1"}
			}
		},
		{
			"name": "trigger",
			"from": [1.25, 9.77737, 1.40516],
			"to": [2.75, 11.67737, 1.65516],
			"rotation": {"angle": -22.5, "axis": "x", "origin": [2.65774, 8.47025, 5.0412]},
			"faces": {
				"north": {"uv": [14.5, 4.53333, 15.5, 5.06667], "texture": "#1"},
				"east": {"uv": [14.5, 4.53333, 15.5, 5.06667], "texture": "#1"},
				"south": {"uv": [14.5, 4.53333, 15.5, 5.06667], "texture": "#1"},
				"west": {"uv": [14.5, 4.53333, 15.5, 5.06667], "texture": "#1"},
				"up": {"uv": [14.5, 4.53333, 15.5, 5.06667], "texture": "#1"},
				"down": {"uv": [14.5, 4.53333, 15.5, 5.06667], "texture": "#1"}
			}
		},
		{
			"name": "trigger",
			"from": [1.25, 10.30141, 2.19679],
			"to": [2.75, 11.10141, 2.44679],
			"rotation": {"angle": -45, "axis": "x", "origin": [2.65774, 8.47025, 5.0412]},
			"faces": {
				"north": {"uv": [14.5, 4.53333, 15.5, 5.06667], "texture": "#1"},
				"east": {"uv": [14.5, 4.53333, 15.5, 5.06667], "texture": "#1"},
				"south": {"uv": [14.5, 4.53333, 15.5, 5.06667], "texture": "#1"},
				"west": {"uv": [14.5, 4.53333, 15.5, 5.06667], "texture": "#1"},
				"up": {"uv": [14.5, 4.53333, 15.5, 5.06667], "texture": "#1"},
				"down": {"uv": [14.5, 4.53333, 15.5, 5.06667], "texture": "#1"}
			}
		},
		{
			"name": "trigger gaurd",
			"from": [1, 7.54883, 1.08188],
			"to": [3, 8.04883, 2.13188],
			"rotation": {"angle": -22.5, "axis": "x", "origin": [2.65774, 8.47025, 5.0412]},
			"faces": {
				"north": {"uv": [10.5, 4.53333, 11.5, 5.06667], "texture": "#1"},
				"east": {"uv": [10.5, 4.53333, 11.5, 5.06667], "texture": "#1"},
				"south": {"uv": [10.5, 4.53333, 11.5, 5.06667], "texture": "#1"},
				"west": {"uv": [10.5, 4.53333, 11.5, 5.06667], "texture": "#1"},
				"up": {"uv": [10.5, 4.53333, 11.5, 5.06667], "texture": "#1"},
				"down": {"uv": [10.5, 4.53333, 11.5, 5.06667], "texture": "#1"}
			}
		},
		{
			"name": "reloader plunger",
			"from": [8.37132, 11.79595, 22],
			"to": [9.37132, 13.29595, 23.5],
			"rotation": {"angle": -22.5, "axis": "y", "origin": [2.12132, 9.54595, 17.75]},
			"faces": {
				"north": {"uv": [14.5, 4.53333, 15.5, 5.06667], "rotation": 270, "texture": "#1"},
				"east": {"uv": [14.5, 4.53333, 15.5, 5.06667], "rotation": 90, "texture": "#1"},
				"south": {"uv": [14.5, 4.53333, 15.5, 5.06667], "rotation": 270, "texture": "#1"},
				"west": {"uv": [14.5, 4.53333, 15.5, 5.06667], "rotation": 270, "texture": "#1"},
				"up": {"uv": [14.5, 4.53333, 15.5, 5.06667], "texture": "#1"},
				"down": {"uv": [14.5, 4.53333, 15.5, 5.06667], "rotation": 180, "texture": "#1"}
			}
		},
		{
			"name": "reloader rod",
			"from": [8.87132, 12.29595, 22.5],
			"to": [25.87132, 12.79595, 23],
			"rotation": {"angle": -22.5, "axis": "y", "origin": [2.12132, 9.54595, 17.75]},
			"faces": {
				"north": {"uv": [14.5, 4.53333, 15.5, 5.06667], "rotation": 270, "texture": "#1"},
				"east": {"uv": [14.5, 4.53333, 15.5, 5.06667], "rotation": 90, "texture": "#1"},
				"south": {"uv": [14.5, 4.53333, 15.5, 5.06667], "rotation": 270, "texture": "#1"},
				"west": {"uv": [14.5, 4.53333, 15.5, 5.06667], "rotation": 270, "texture": "#1"},
				"up": {"uv": [14.5, 4.53333, 15.5, 5.06667], "texture": "#1"},
				"down": {"uv": [14.5, 4.53333, 15.5, 5.06667], "rotation": 180, "texture": "#1"}
			}
		},
		{
			"name": "hammer main",
			"from": [4, 12, 1],
			"to": [5, 14, 2],
			"rotation": {"angle": 0, "axis": "x", "origin": [4.5, 12.66368, 1.60179]},
			"faces": {
				"north": {"uv": [14.5, 4.53333, 15.5, 5.06667], "texture": "#1"},
				"east": {"uv": [14.5, 4.53333, 15.5, 5.06667], "texture": "#1"},
				"south": {"uv": [14.5, 4.53333, 15.5, 5.06667], "texture": "#1"},
				"west": {"uv": [14.5, 4.53333, 15.5, 5.06667], "texture": "#1"},
				"up": {"uv": [14.5, 4.53333, 15.5, 5.06667], "texture": "#1"},
				"down": {"uv": [14.5, 4.53333, 15.5, 5.06667], "texture": "#1"}
			}
		},
		{
			"name": "hammer added",
			"from": [4, 13.7158, 0.54184],
			"to": [5, 14.9158, 1.54184],
			"rotation": {"angle": 22.5, "axis": "x", "origin": [4.5, 12.66368, 1.60179]},
			"faces": {
				"north": {"uv": [14.5, 4.53333, 15.5, 5.06667], "texture": "#1"},
				"east": {"uv": [14.5, 4.53333, 15.5, 5.06667], "texture": "#1"},
				"south": {"uv": [14.5, 4.53333, 15.5, 5.06667], "texture": "#1"},
				"west": {"uv": [14.5, 4.53333, 15.5, 5.06667], "texture": "#1"},
				"up": {"uv": [14.5, 4.53333, 15.5, 5.06667], "texture": "#1"},
				"down": {"uv": [14.5, 4.53333, 15.5, 5.06667], "texture": "#1"}
			}
		},
		{
			"name": "bullet",
			"from": [1.25, 11.25, 22],
			"to": [2.75, 12.75, 23.5],
			"faces": {
				"north": {"uv": [14.5, 5.6, 15.5, 6.13333], "texture": "#1"},
				"east": {"uv": [14.5, 5.6, 15.5, 6.13333], "texture": "#1"},
				"south": {"uv": [14.5, 5.6, 15.5, 6.13333], "texture": "#1"},
				"west": {"uv": [14.5, 5.6, 15.5, 6.13333], "texture": "#1"},
				"up": {"uv": [14.5, 5.6, 15.5, 6.13333], "texture": "#1"},
				"down": {"uv": [14.5, 5.6, 15.5, 6.13333], "texture": "#1"}
			}
		}
	],
	"display": {
		"thirdperson_righthand": {
			"rotation": [0, -180, 0],
			"translation": [-3, -1.5, -4],
			"scale": [0.5, 0.5, 0.5]
		},
		"thirdperson_lefthand": {
			"rotation": [0, -180, 0],
			"translation": [3, -1.5, -4],
			"scale": [0.5, 0.5, 0.5]
		},
		"firstperson_righthand": {
			"rotation": [1, -179, 0],
			"translation": [-4, 1, -4],
			"scale": [0.5, 0.5, 0.5]
		},
		"firstperson_lefthand": {
			"rotation": [1, 179, 0],
			"translation": [4, 1, -4],
			"scale": [0.5, 0.5, 0.5]
		},
		"ground": {
			"translation": [3, 0.5, 4],
			"scale": [0.5, 0.5, 0.5]
		},
		"gui": {
			"rotation": [0, -90, 0],
			"translation": [-2, 0, 3],
			"scale": [0.45, 0.45, 0.45]
		},
		"head": {
			"rotation": [-21.5, 180, 0],
			"translation": [-6, 5.95, -12]
		},
		"fixed": {
			"rotation": [0, 90, 0],
			"translation": [2, 0, -3],
			"scale": [0.5, 0.5, 0.5]
		}
	},
	"groups": [
		{
			"name": "static",
			"origin": [0, 0, -13],
			"color": 0,
			"nbt": "{}",
			"children": [
				{
					"name": "barrel",
					"origin": [0, 0, -13],
					"color": 0,
					"nbt": "{}",
					"children": [0, 1, 2, 3, 4, 5]
				},
				{
					"name": "handle",
					"origin": [0, 0, -13],
					"color": 0,
					"nbt": "{}",
					"children": [6, 7, 8]
				},
				{
					"name": "trigger",
					"origin": [0, 0, -13],
					"color": 0,
					"nbt": "{}",
					"children": [9, 10, 11, 12, 13, 14, 15]
				}
			]
		},
		{
			"name": "animated",
			"origin": [0, 0, 0],
			"color": 0,
			"nbt": "{}",
			"children": [
				{
					"name": "reloader",
					"origin": [0, 0, 0],
					"color": 0,
					"nbt": "{}",
					"children": [16, 17]
				},
				{
					"name": "hammer",
					"origin": [0, 0, -13],
					"color": 0,
					"nbt": "{}",
					"children": [18, 19]
				},
				20
			]
		}
	]
}